{
    "loss": 1.269288420677185,
    "accuracy": 0.843137264251709
}